epoch,loss,loss_kl,loss_sep,stage
1,0.4170874229088401,,,pretrain
2,0.3498784706517186,,,pretrain
3,0.3204990901586022,,,pretrain
4,0.3076801601741556,,,pretrain
5,0.3004853857634667,,,pretrain
6,0.29536984010464734,,,pretrain
7,0.2907022383665285,,,pretrain
8,0.2877931757695266,,,pretrain
9,0.28373250348397383,,,pretrain
10,0.28136658725048264,,,pretrain
11,0.27903475219913804,,,pretrain
12,0.2772043210396949,,,pretrain
13,0.2748812229680936,,,pretrain
14,0.27268060812735917,,,pretrain
15,0.2718452860829041,,,pretrain
16,0.27032009014075686,,,pretrain
17,0.26893203271407257,,,pretrain
18,0.26732077949654043,,,pretrain
19,0.266753604685804,,,pretrain
20,0.2646631285573004,,,pretrain
21,0.26362057981792586,,,pretrain
22,0.26337873962476926,,,pretrain
23,0.26199117943570144,,,pretrain
24,0.2612325907844474,,,pretrain
25,0.2601629981879585,,,pretrain
26,0.25982134451286965,,,pretrain
27,0.258856363512712,,,pretrain
28,0.25829245220999947,,,pretrain
29,0.2574094177482529,,,pretrain
30,0.2577117028629125,,,pretrain
31,0.2570511376302373,,,pretrain
32,0.25589186532326824,,,pretrain
33,0.2549726601150786,,,pretrain
34,0.2555112600921593,,,pretrain
35,0.25415256072994874,,,pretrain
36,0.2542512473915262,,,pretrain
37,0.25296006479398186,,,pretrain
38,0.2533194844665226,,,pretrain
39,0.25227196246335987,,,pretrain
40,0.2515811655713794,,,pretrain
41,0.25152127628219306,,,pretrain
42,0.2505380541929191,,,pretrain
43,0.25009685138894394,,,pretrain
44,0.2501556482469778,,,pretrain
45,0.24934100037604917,,,pretrain
46,0.24845243848599927,,,pretrain
47,0.24845938785203087,,,pretrain
48,0.2481378424683347,,,pretrain
49,0.24793572726344904,,,pretrain
50,0.2475040921256467,,,pretrain
51,0.24700808283096543,,,pretrain
52,0.24692464815995063,,,pretrain
53,0.24681307242039635,,,pretrain
54,0.24701439754141746,,,pretrain
55,0.24585496926565537,,,pretrain
56,0.2454103754582302,,,pretrain
57,0.24558122404998234,,,pretrain
58,0.2442900104252947,,,pretrain
59,0.24378368976013037,,,pretrain
60,0.24420775444356851,,,pretrain
61,0.24369317956653094,,,pretrain
62,0.243477585272067,,,pretrain
63,0.2423268319763082,,,pretrain
64,0.24271082991669063,,,pretrain
65,0.2429642509551294,,,pretrain
66,0.2415253016645222,,,pretrain
67,0.2412394299880042,,,pretrain
68,0.24203298775209564,,,pretrain
69,0.24105646476868584,,,pretrain
70,0.2414331628558243,,,pretrain
71,0.24048108402484666,,,pretrain
72,0.240317617443556,,,pretrain
73,0.2398937515530134,,,pretrain
74,0.23998994670572774,,,pretrain
75,0.239844200674587,,,pretrain
76,0.2391522725638058,,,pretrain
77,0.2391130382526734,,,pretrain
78,0.23912565112609832,,,pretrain
79,0.23843687055214074,,,pretrain
80,0.2379865913293921,,,pretrain
81,0.23770357754186863,,,pretrain
82,0.23759066230941334,,,pretrain
83,0.23723736531325862,,,pretrain
84,0.23660138844451967,,,pretrain
85,0.2362654014107788,,,pretrain
86,0.2360445837857521,,,pretrain
87,0.23606529839820353,,,pretrain
88,0.2359609697950065,,,pretrain
89,0.23576630769970017,,,pretrain
90,0.23482540344537395,,,pretrain
91,0.23477602094263086,,,pretrain
92,0.23486417098073117,,,pretrain
93,0.2343213192436739,,,pretrain
94,0.23422561119281116,,,pretrain
95,0.23356589698751834,,,pretrain
96,0.2335906490014119,,,pretrain
97,0.23284759193708415,,,pretrain
98,0.23291979275904162,,,pretrain
99,0.2324502274617181,,,pretrain
100,0.23255925196875352,,,pretrain
101,0.23135800776188067,,,pretrain
102,0.23169510963058312,,,pretrain
103,0.2313164104687394,,,pretrain
104,0.23145036210930486,,,pretrain
105,0.23074588554472772,,,pretrain
106,0.2302539264104529,,,pretrain
107,0.23073938367965813,,,pretrain
108,0.23032087384166813,,,pretrain
109,0.2299291911617095,,,pretrain
110,0.2296155585574231,,,pretrain
111,0.22991395004577128,,,pretrain
112,0.22886610783376232,,,pretrain
113,0.2293623736267677,,,pretrain
114,0.22850536406040192,,,pretrain
115,0.22872559119282468,,,pretrain
116,0.22839176195631805,,,pretrain
117,0.227794184948561,,,pretrain
118,0.2284680128643001,,,pretrain
119,0.22811258017719288,,,pretrain
120,0.22720838527314477,,,pretrain
121,0.22711581572915077,,,pretrain
122,0.22720410652743797,,,pretrain
123,0.2268603574664343,,,pretrain
124,0.22630125844538113,,,pretrain
125,0.22602825990929182,,,pretrain
126,0.2256730351243757,,,pretrain
127,0.22565188762947247,,,pretrain
128,0.2255184049763021,,,pretrain
129,0.22510006725292236,,,pretrain
130,0.22498994334763575,,,pretrain
131,0.22492183054643938,,,pretrain
132,0.22391717622363427,,,pretrain
133,0.22392059155490354,,,pretrain
134,0.2240376094811768,,,pretrain
135,0.2238185093724192,,,pretrain
136,0.22309672395123817,,,pretrain
137,0.2230978239643792,,,pretrain
138,0.22347762671960966,,,pretrain
139,0.2231696330866282,,,pretrain
140,0.22277322131861466,,,pretrain
141,0.2228512574551308,,,pretrain
142,0.2226049917162754,,,pretrain
143,0.2217305943097132,,,pretrain
144,0.22146327797565207,,,pretrain
145,0.22144804005317403,,,pretrain
146,0.22073917476190705,,,pretrain
147,0.22088292682924604,,,pretrain
148,0.22034333995892086,,,pretrain
149,0.2207518144574221,,,pretrain
150,0.22044542230504524,,,pretrain
151,0.21997807325420285,,,pretrain
152,0.21956088255328465,,,pretrain
153,0.21957866807348914,,,pretrain
154,0.2191673622551853,,,pretrain
155,0.2191089799271249,,,pretrain
156,0.21887432649706842,,,pretrain
157,0.2186249277506414,,,pretrain
158,0.21806813867238914,,,pretrain
159,0.21816747907096654,,,pretrain
160,0.218303223229486,,,pretrain
161,0.2180933203802331,,,pretrain
162,0.2179743812653467,,,pretrain
163,0.21798076799725138,,,pretrain
164,0.2172495719101187,,,pretrain
165,0.21651480556922822,,,pretrain
166,0.21712212809508732,,,pretrain
167,0.216850466607216,,,pretrain
168,0.21641713523626724,,,pretrain
169,0.21598075062978683,,,pretrain
170,0.21589978655146283,,,pretrain
171,0.2153809707047737,,,pretrain
172,0.21517606481736196,,,pretrain
173,0.2149846080634836,,,pretrain
174,0.21515302941227912,,,pretrain
175,0.21501481851900675,,,pretrain
176,0.21417670254897753,,,pretrain
177,0.21443110327554027,,,pretrain
178,0.2148659169921859,,,pretrain
179,0.2137994294208219,,,pretrain
180,0.21393150562256227,,,pretrain
181,0.21409548093594252,,,pretrain
182,0.21363905507098022,,,pretrain
183,0.21412667620201872,,,pretrain
184,0.21356528852128745,,,pretrain
185,0.2135676454734088,,,pretrain
186,0.21306103317194097,,,pretrain
187,0.21294492975050916,,,pretrain
188,0.21195408874462526,,,pretrain
189,0.2127137712154928,,,pretrain
190,0.2118024582870788,,,pretrain
191,0.2120459284490833,,,pretrain
192,0.21226803862711355,,,pretrain
193,0.21147452881451256,,,pretrain
194,0.2109770953208952,,,pretrain
195,0.21097007147385158,,,pretrain
196,0.2109033097046584,,,pretrain
197,0.2111193133124496,,,pretrain
198,0.21058085907418003,,,pretrain
199,0.21115630916172573,,,pretrain
200,0.21030196832638612,,,pretrain
1,0.023312296718358994,0.4640926420688629,0.0430653877556324,joint
2,0.046563293784856796,0.4634804427623749,0.04305027797818184,joint
3,0.06975293159484863,0.46286773681640625,0.043035682290792465,joint
4,0.09287852793931961,0.4622415602207184,0.04302116855978966,joint
5,0.11593682318925858,0.4615969657897949,0.04300660267472267,joint
6,0.1389242261648178,0.4609311521053314,0.042991895228624344,joint
7,0.1618369221687317,0.460242360830307,0.04297702759504318,joint
8,0.18467079102993011,0.4595288634300232,0.042962007224559784,joint
9,0.2074216604232788,0.4587896764278412,0.042946767061948776,joint
10,0.23008495569229126,0.458023339509964,0.042931340634822845,joint
11,0.25265616178512573,0.45722904801368713,0.042915742844343185,joint
12,0.27474573254585266,0.4557645618915558,0.042899880558252335,joint
13,0.29667675495147705,0.45428159832954407,0.042883772403001785,joint
14,0.31844547390937805,0.45277875661849976,0.042867302894592285,joint
15,0.34004834294319153,0.45125526189804077,0.04285043478012085,joint
16,0.3614813983440399,0.44971007108688354,0.04283320903778076,joint
17,0.3827405273914337,0.4481421709060669,0.04281556233763695,joint
18,0.4038214683532715,0.4465506672859192,0.04279756173491478,joint
19,0.4247191250324249,0.44493380188941956,0.04277918115258217,joint
20,0.4454285800457001,0.4432905614376068,0.0427604578435421,joint
21,0.44417044520378113,0.4420333802700043,0.04274135082960129,joint
22,0.4429154694080353,0.44077935814857483,0.0427219532430172,joint
23,0.4416654407978058,0.43953031301498413,0.04270226135849953,joint
24,0.44042161107063293,0.43828749656677246,0.04268229007720947,joint
25,0.4391852021217346,0.4370521008968353,0.04266208037734032,joint
26,0.43795666098594666,0.43582457304000854,0.042641639709472656,joint
27,0.4367360770702362,0.43460503220558167,0.04262100160121918,joint
28,0.4355243444442749,0.43339434266090393,0.04260018840432167,joint
29,0.4343211054801941,0.4321921467781067,0.04257917404174805,joint
30,0.4331267178058624,0.430998831987381,0.042558010667562485,joint
31,0.4319412112236023,0.4298143684864044,0.04253668338060379,joint
32,0.43076440691947937,0.42863863706588745,0.04251520335674286,joint
33,0.4295961558818817,0.42747148871421814,0.04249362647533417,joint
34,0.4284363389015198,0.42631274461746216,0.042471904307603836,joint
35,0.42728477716445923,0.42516228556632996,0.04245007038116455,joint
36,0.4261409044265747,0.4240194857120514,0.042428158223629,joint
37,0.4250046908855438,0.42288437485694885,0.042406145483255386,joint
38,0.42387649416923523,0.4217572808265686,0.042384013533592224,joint
39,0.4227561950683594,0.4206381142139435,0.04236181825399399,joint
40,0.4216438829898834,0.4195269048213959,0.04233955964446068,joint
41,0.4205390214920044,0.4184231460094452,0.0423172228038311,joint
42,0.4194415211677551,0.41732677817344666,0.04229480028152466,joint
43,0.4183511435985565,0.4162375330924988,0.04227233678102493,joint
44,0.41726812720298767,0.41515564918518066,0.042249806225299835,joint
45,0.41619250178337097,0.4140811264514923,0.042227230966091156,joint
46,0.4151243269443512,0.41301408410072327,0.04220458120107651,joint
47,0.4140634834766388,0.411954402923584,0.04218190163373947,joint
48,0.41300976276397705,0.410901814699173,0.04215916246175766,joint
49,0.41196319460868835,0.409856379032135,0.04213637858629227,joint
50,0.4109237492084503,0.4088180661201477,0.0421135388314724,joint
51,0.4098908007144928,0.4077862799167633,0.04209064319729805,joint
52,0.4088646471500397,0.4067612588405609,0.042067717760801315,joint
53,0.4078448414802551,0.4057426154613495,0.042044747620821,joint
54,0.40683165192604065,0.40473055839538574,0.0420217290520668,joint
55,0.40582475066185,0.4037248194217682,0.041998665779829025,joint
56,0.4048238694667816,0.40272510051727295,0.04197554290294647,joint
57,0.4038289189338684,0.40173131227493286,0.04195238649845123,joint
58,0.40283945202827454,0.4007430076599121,0.04192916676402092,joint
59,0.40185534954071045,0.39976006746292114,0.041905928403139114,joint
60,0.40087616443634033,0.39878204464912415,0.04188262298703194,joint
61,0.39990177750587463,0.39780882000923157,0.041859254240989685,joint
62,0.39893174171447754,0.3968399465084076,0.041835885494947433,joint
63,0.3979659080505371,0.3958752751350403,0.04181243106722832,joint
64,0.39700400829315186,0.39491456747055054,0.041788943111896515,joint
65,0.3960458040237427,0.3939575254917145,0.041765425354242325,joint
66,0.39509129524230957,0.3930042088031769,0.041741833090782166,joint
67,0.3941400647163391,0.39205414056777954,0.041718218475580215,joint
68,0.3931918442249298,0.39110711216926575,0.04169454425573349,joint
69,0.3922464847564697,0.39016294479370117,0.04167085886001587,joint
70,0.39130374789237976,0.3892214000225067,0.04164712131023407,joint
71,0.39036330580711365,0.3882821500301361,0.04162338003516197,joint
72,0.38942497968673706,0.38734498620033264,0.0415995754301548,joint
73,0.3884885609149933,0.3864097595214844,0.04157574847340584,joint
74,0.3875540494918823,0.3854764401912689,0.04155191034078598,joint
75,0.38662096858024597,0.38454458117485046,0.04152803495526314,joint
76,0.3856896460056305,0.3836144506931305,0.04150412231683731,joint
77,0.3847602307796478,0.38268622756004333,0.04148022085428238,joint
78,0.38383257389068604,0.38175976276397705,0.041456278413534164,joint
79,0.3829064667224884,0.3808348476886749,0.04143231734633446,joint
80,0.381981760263443,0.379911333322525,0.041408345103263855,joint
81,0.3810585141181946,0.3789893090724945,0.04138432815670967,joint
82,0.380136638879776,0.37806862592697144,0.041360341012477875,joint
83,0.3792162239551544,0.37714940309524536,0.04133632779121399,joint
84,0.378296822309494,0.37623119354248047,0.041312284767627716,joint
85,0.3773786127567291,0.37531420588493347,0.04128823056817055,joint
86,0.37646183371543884,0.3743986189365387,0.04126420617103577,joint
87,0.37554603815078735,0.3734840452671051,0.04124012961983681,joint
88,0.3746313452720642,0.37257054448127747,0.04121607169508934,joint
89,0.37371787428855896,0.3716582655906677,0.041191983968019485,joint
90,0.37280571460723877,0.37074732780456543,0.041167885065078735,joint
91,0.3718946576118469,0.3698374629020691,0.041143786162137985,joint
92,0.37098461389541626,0.3689286410808563,0.041119690984487534,joint
93,0.37007543444633484,0.3680206537246704,0.041095588356256485,joint
94,0.3691675662994385,0.36711397767066956,0.04107148200273514,joint
95,0.3682606518268585,0.3662082850933075,0.0410473570227623,joint
96,0.36735469102859497,0.36530351638793945,0.04102322459220886,joint
97,0.36644941568374634,0.3643994629383087,0.04099910706281662,joint
98,0.3655450642108917,0.3634963035583496,0.040974970906972885,joint
99,0.36464160680770874,0.3625940680503845,0.04095083475112915,joint
100,0.36373916268348694,0.3616928160190582,0.04092669114470482,joint
101,0.3628375232219696,0.3607923984527588,0.04090254008769989,joint
102,0.36193662881851196,0.35989269614219666,0.04087837412953377,joint
103,0.3610365092754364,0.358993798494339,0.04085423797369003,joint
104,0.3601371645927429,0.358095645904541,0.040830083191394806,joint
105,0.3592385947704315,0.3571982979774475,0.04080592468380928,joint
106,0.3583408296108246,0.35630175471305847,0.04078175500035286,joint
107,0.3574441075325012,0.3554062247276306,0.04075758159160614,joint
108,0.35654813051223755,0.35451146960258484,0.04073343053460121,joint
109,0.35565289855003357,0.35361742973327637,0.0407092459499836,joint
110,0.3547584116458893,0.35272416472435,0.04068506509065628,joint
111,0.35386478900909424,0.35183173418045044,0.04066088795661926,joint
112,0.3529718220233917,0.3509399890899658,0.04063670337200165,joint
113,0.35207968950271606,0.35004907846450806,0.040612492710351944,joint
114,0.3511884808540344,0.3491590619087219,0.04058832675218582,joint
115,0.35029831528663635,0.34827011823654175,0.04056413471698761,joint
116,0.3494091331958771,0.347382128238678,0.0405399389564991,joint
117,0.3485207259654999,0.3464949429035187,0.040515732020139694,joint
118,0.3476333022117615,0.3456087112426758,0.04049154371023178,joint
119,0.3467468321323395,0.3447234630584717,0.04046732932329178,joint
120,0.34586113691329956,0.34383898973464966,0.040443141013383865,joint
121,0.3449762165546417,0.34295526146888733,0.04041893035173416,joint
122,0.34409210085868835,0.34207236766815186,0.040394723415374756,joint
123,0.34320884943008423,0.3411903381347656,0.04037051647901535,joint
124,0.3423266112804413,0.3403092920780182,0.04034631699323654,joint
125,0.34144532680511475,0.33942922949790955,0.04032208397984505,joint
126,0.3405649960041046,0.3385500907897949,0.04029787704348564,joint
127,0.33968549966812134,0.33767181634902954,0.040273651480674744,joint
128,0.3388071656227112,0.3367947041988373,0.04024945944547653,joint
129,0.33792996406555176,0.33591869473457336,0.04022524133324623,joint
130,0.33705374598503113,0.33504369854927063,0.04020103067159653,joint
131,0.33617866039276123,0.33416980504989624,0.040176816284656525,joint
132,0.33530476689338684,0.33329713344573975,0.040152616798877716,joint
133,0.33443206548690796,0.33242565393447876,0.040128421038389206,joint
134,0.3335605263710022,0.3315553069114685,0.0401042178273201,joint
135,0.33269020915031433,0.33068621158599854,0.04008002579212189,joint
136,0.3318212628364563,0.329818457365036,0.04005584865808487,joint
137,0.33095353841781616,0.32895195484161377,0.040031664073467255,joint
138,0.33008715510368347,0.328086793422699,0.04000746086239815,joint
139,0.3292219638824463,0.3272227942943573,0.03998331353068352,joint
140,0.32835808396339417,0.32636013627052307,0.0399591401219368,joint
141,0.32749560475349426,0.3254988491535187,0.03993499279022217,joint
142,0.3266344964504242,0.3246389627456665,0.03991083800792694,joint
143,0.32577475905418396,0.3237804174423218,0.03988669812679291,joint
144,0.3249165117740631,0.3229233920574188,0.039862554520368576,joint
145,0.3240596055984497,0.3220676779747009,0.03983842954039574,joint
146,0.32320427894592285,0.32121357321739197,0.0398143045604229,joint
147,0.3223506510257721,0.3203611373901367,0.03979020565748215,joint
148,0.32149890065193176,0.3195106089115143,0.0397661067545414,joint
149,0.32064878940582275,0.3186616897583008,0.039742033928632736,joint
150,0.31980034708976746,0.317814439535141,0.03971796855330467,joint
